# Vendor documentation pages this package cites, and what each one DID when a person read
# it. Checked by `script/check_doc_sources.sh`; see that script's header for why this is
# status-and-destination rather than a content diff, and why a redirect is the signal.
#
# Columns, tab-separated:
#   url  expect_status  expect_location  observed_on  class  note
#
# `expect_location` is `-` when the page does not redirect. It is never left blank: TAB is
# IFS whitespace, so a run of tabs collapses into one delimiter and every later column
# shifts silently.
#
# `class` is `auto` (a machine can verify this) or `manual` (it cannot — a human must
# re-read it, and the row goes STALE past 180 days to force that).
#
# Do not edit a row to make the check pass. The row records what someone READ; rewriting
# it to match a fetch nobody looked at turns this file into a rubber stamp.
https://docs.cdp.coinbase.com/sitemap.xml	200	-	2026-09-09	auto	The index, and the source `endpoint-inventory.md` enumerated all 806 api-reference pages from. Diffing THIS is the one detector mechanism that has caught a real vendor change in this family.
https://docs.cdp.coinbase.com/get-started/authentication/jwt-authentication	200	-	2026-09-09	auto	The CDP JWT contract, including the two-minute expiry `Auth` builds against.
https://docs.cdp.coinbase.com/api-reference/advanced-trade-api/rest-api/products/get-product-candles	200	-	2026-09-09	auto	Candle granularities and the 350-candle refusal measured in tier 2. The FOUR_HOUR incident — a width the venue served and the adapter silently substituted 1h for — was on this endpoint.
