# Coinbase — every documented endpoint, enumerated 2026-08-31
#
# Method and path read from each page's own `pageMetadata.openapi` field.
# derivatives-api and Deribit publish specs instead; those are listed from the spec.
# page<TAB>METHOD path

advanced-trade-api/rest-api/accounts/get-account	GET /api/v3/brokerage/accounts/{account_uuid}
advanced-trade-api/rest-api/accounts/list-accounts	GET /api/v3/brokerage/accounts
advanced-trade-api/rest-api/convert/commit-convert-trade	POST /api/v3/brokerage/convert/trade/{trade_id}
advanced-trade-api/rest-api/convert/create-convert-quote	POST /api/v3/brokerage/convert/quote
advanced-trade-api/rest-api/convert/get-convert-trade	GET  /api/v3/brokerage/convert/trade/{trade_id}
advanced-trade-api/rest-api/data-api/get-api-key-permissions	GET /api/v3/brokerage/key_permissions
advanced-trade-api/rest-api/fees/get-transaction-summary	GET /api/v3/brokerage/transaction_summary
advanced-trade-api/rest-api/futures/cancel-pending-futures-sweep	DELETE /api/v3/brokerage/cfm/sweeps
advanced-trade-api/rest-api/futures/get-current-margin-window	GET /api/v3/brokerage/cfm/intraday/current_margin_window
advanced-trade-api/rest-api/futures/get-futures-balance-summary	GET /api/v3/brokerage/cfm/balance_summary
advanced-trade-api/rest-api/futures/get-futures-position	GET  /api/v3/brokerage/cfm/positions/{product_id}
advanced-trade-api/rest-api/futures/get-intraday-margin-setting	GET /api/v3/brokerage/cfm/intraday/margin_setting
advanced-trade-api/rest-api/futures/list-futures-positions	GET  /api/v3/brokerage/cfm/positions
advanced-trade-api/rest-api/futures/list-futures-sweeps	GET /api/v3/brokerage/cfm/sweeps
advanced-trade-api/rest-api/futures/schedule-futures-sweep	POST /api/v3/brokerage/cfm/sweeps/schedule
advanced-trade-api/rest-api/futures/set-intraday-margin-settings	POST /api/v3/brokerage/cfm/intraday/margin_setting
advanced-trade-api/rest-api/orders/cancel-order	POST  /api/v3/brokerage/orders/batch_cancel
advanced-trade-api/rest-api/orders/close-position	POST /api/v3/brokerage/orders/close_position
advanced-trade-api/rest-api/orders/create-order	POST /api/v3/brokerage/orders
advanced-trade-api/rest-api/orders/edit-order	POST /api/v3/brokerage/orders/edit
advanced-trade-api/rest-api/orders/edit-order-preview	POST /api/v3/brokerage/orders/edit_preview
advanced-trade-api/rest-api/orders/get-order	GET  /api/v3/brokerage/orders/historical/{order_id}
advanced-trade-api/rest-api/orders/list-fills	GET /api/v3/brokerage/orders/historical/fills
advanced-trade-api/rest-api/orders/list-orders	GET /api/v3/brokerage/orders/historical/batch
advanced-trade-api/rest-api/orders/preview-orders	POST /api/v3/brokerage/orders/preview
advanced-trade-api/rest-api/payment-methods/get-payment-method	GET /api/v3/brokerage/payment_methods/{payment_method_id}
advanced-trade-api/rest-api/payment-methods/list-payment-methods	GET /api/v3/brokerage/payment_methods
advanced-trade-api/rest-api/perpetuals/allocate-portfolio	POST  /api/v3/brokerage/intx/allocate
advanced-trade-api/rest-api/perpetuals/get-perpetuals-portfolio-summary	GET  /api/v3/brokerage/intx/portfolio/{portfolio_uuid}
advanced-trade-api/rest-api/perpetuals/get-perpetuals-position	GET /api/v3/brokerage/intx/positions/{portfolio_uuid}/{symbol}
advanced-trade-api/rest-api/perpetuals/get-portfolio-balances	GET  /api/v3/brokerage/intx/balances/{portfolio_uuid}
advanced-trade-api/rest-api/perpetuals/list-perpetuals-positions	GET /api/v3/brokerage/intx/positions/{portfolio_uuid}
advanced-trade-api/rest-api/perpetuals/opt-in-or-out	POST /api/v3/brokerage/intx/multi_asset_collateral
advanced-trade-api/rest-api/portfolios/create-portfolio	POST /api/v3/brokerage/portfolios
advanced-trade-api/rest-api/portfolios/delete-portfolio	DELETE /api/v3/brokerage/portfolios/{portfolio_uuid}
advanced-trade-api/rest-api/portfolios/edit-portfolio	PUT  /api/v3/brokerage/portfolios/{portfolio_uuid}
advanced-trade-api/rest-api/portfolios/get-portfolio-breakdown	GET  /api/v3/brokerage/portfolios/{portfolio_uuid}
advanced-trade-api/rest-api/portfolios/list-portfolios	GET /api/v3/brokerage/portfolios
advanced-trade-api/rest-api/portfolios/move-portfolios-funds	POST /api/v3/brokerage/portfolios/move_funds
advanced-trade-api/rest-api/products/get-best-bid-ask	GET /api/v3/brokerage/best_bid_ask
advanced-trade-api/rest-api/products/get-market-trades	GET  /api/v3/brokerage/products/{product_id}/ticker
advanced-trade-api/rest-api/products/get-product	GET /api/v3/brokerage/products/{product_id}
advanced-trade-api/rest-api/products/get-product-book	GET /api/v3/brokerage/product_book
advanced-trade-api/rest-api/products/get-product-candles	GET /api/v3/brokerage/products/{product_id}/candles
advanced-trade-api/rest-api/products/list-products	GET /api/v3/brokerage/products
advanced-trade-api/rest-api/public/get-public-market-trades	GET /api/v3/brokerage/market/products/{product_id}/ticker
advanced-trade-api/rest-api/public/get-public-product	GET /api/v3/brokerage/market/products/{product_id}
advanced-trade-api/rest-api/public/get-public-product-book	GET /api/v3/brokerage/market/product_book
advanced-trade-api/rest-api/public/get-public-product-candles	GET /api/v3/brokerage/market/products/{product_id}/candles
advanced-trade-api/rest-api/public/get-server-time	GET /api/v3/brokerage/time
advanced-trade-api/rest-api/public/list-public-products	GET /api/v3/brokerage/market/products
business-api/rest-api/checkouts/create-checkout	post /api/v1/checkouts
business-api/rest-api/checkouts/deactivate-checkout	post /api/v1/checkouts/{id}/deactivate
business-api/rest-api/checkouts/get-checkout	get /api/v1/checkouts/{id}
business-api/rest-api/checkouts/list-checkouts	get /api/v1/checkouts
business-api/rest-api/checkouts/refund-checkout	post /api/v1/checkouts/{id}/refund
business-api/rest-api/invoicing/get-invoice	get /api/v1/invoices/{invoiceId}
business-api/rest-api/invoicing/list-invoices	get /api/v1/invoices
exchange-api/rest-api/accounts/get-all-account-profile	GET /accounts
exchange-api/rest-api/accounts/get-single-account-by-id	GET  /accounts/{account_id}
exchange-api/rest-api/accounts/get-single-account-hold	GET /accounts/{account_id}/holds
exchange-api/rest-api/accounts/get-single-account-ledger	GET /accounts/{account_id}/ledger
exchange-api/rest-api/accounts/get-single-account-transfer	GET /accounts/{account_id}/transfers
exchange-api/rest-api/address-book/add-addresses	POST /address-book
exchange-api/rest-api/address-book/delete-address	DELETE  /address-book/{id}
exchange-api/rest-api/address-book/get-address-book	GET /address-book
exchange-api/rest-api/address-book/get-counterparty-address-book	get /address-book/counterparty
exchange-api/rest-api/address-book/update-address-book	put /address-book/{id}
exchange-api/rest-api/coinbase-accounts/generate-crypto-address	POST /coinbase-accounts/{account_id}/addresses
exchange-api/rest-api/coinbase-accounts/get-all-coinbase-wallets	GET /coinbase-accounts
exchange-api/rest-api/conversions/convert-currency	POST /conversions
exchange-api/rest-api/conversions/get-a-conversion	GET /conversions/{conversion_id}
exchange-api/rest-api/conversions/get-all-conversions	GET /conversions
exchange-api/rest-api/conversions/get-conversion-fee-rates	GET /conversions/fees
exchange-api/rest-api/currencies/get-a-currency	GET /currencies/{currency_id}
exchange-api/rest-api/currencies/get-all-known-currencies	GET /currencies
exchange-api/rest-api/fees/get-fee	GET /fees
exchange-api/rest-api/futures/get-auto-loan-setting	GET /margin/auto-loan
exchange-api/rest-api/futures/get-usdc-conversion	GET /margin/usdc
exchange-api/rest-api/futures/set-auto-loan	POST  /margin/auto-loan
exchange-api/rest-api/futures/set-usdc-conversion	POST /margin/usdc
exchange-api/rest-api/loan/get-lending-overview	GET /loans/lending-overview
exchange-api/rest-api/loan/get-lending-overview-xm	GET /loans/lending-overview-xm
exchange-api/rest-api/loan/get-loan-preview-xm	GET /loans/loan-preview-xm
exchange-api/rest-api/loan/get-new-loan-preview	GET /loans/loan-preview
exchange-api/rest-api/loan/get-principal-repayment-preview	GET /loans/repayment-preview
exchange-api/rest-api/loan/get-repayment-preview-xm	GET /loans/repayment-preview-xm
exchange-api/rest-api/loan/list-interest-charges	GET /loans/interest/{loan_id}
exchange-api/rest-api/loan/list-interest-rate-history	GET /loans/interest/history/{loan_id}
exchange-api/rest-api/loan/list-interest-summaries	GET /loans/interest
exchange-api/rest-api/loan/list-loan-assets	GET /loans/assets
exchange-api/rest-api/loan/list-loans	GET /loans
exchange-api/rest-api/loan/list-new-loan-options	GET /loans
exchange-api/rest-api/loan/open-new-loan	POST /loans/open
exchange-api/rest-api/loan/repay-loan-interest	POST  /loans/repay-interest
exchange-api/rest-api/loan/repay-loan-principal	POST /loans/repay-principal
exchange-api/rest-api/orders/cancel-all-orders	DELETE /orders
exchange-api/rest-api/orders/cancel-an-order	DELETE /orders/{order_id}
exchange-api/rest-api/orders/create-new-order	POST /orders
exchange-api/rest-api/orders/get-all-fills	GET /fills
exchange-api/rest-api/orders/get-all-orders	GET /orders
exchange-api/rest-api/orders/get-single-order	GET /orders/{order_id}
exchange-api/rest-api/products/get-all-known-trading-pairs	GET /products
exchange-api/rest-api/products/get-all-product-volume	GET  /products/volume-summary
exchange-api/rest-api/products/get-product-book	GET /products/{product_id}/book
exchange-api/rest-api/products/get-product-candles	GET /products/{product_id}/candles
exchange-api/rest-api/products/get-product-stats	GET /products/{product_id}/stats
exchange-api/rest-api/products/get-product-ticker	GET /products/{product_id}/ticker
exchange-api/rest-api/products/get-product-trades	GET /products/{product_id}/trades
exchange-api/rest-api/products/get-single-product	GET /products/{product_id}
exchange-api/rest-api/profiles/create-profile	POST /profiles
exchange-api/rest-api/profiles/delete-profile	PUT /profiles/{profile_id}/deactivate
exchange-api/rest-api/profiles/get-profile-by-id	GET /profiles/{profile_id}
exchange-api/rest-api/profiles/get-profiles	GET /profiles
exchange-api/rest-api/profiles/rename-profile	PUT /profiles/{profile_id}
exchange-api/rest-api/profiles/transfer-funds-profile	POST /profiles/transfer
exchange-api/rest-api/reports/create-report	POST /reports
exchange-api/rest-api/reports/get-all-reports	GET /reports
exchange-api/rest-api/reports/get-report	GET /reports/{report_id}
exchange-api/rest-api/transfers/deposit-from-coinbase-account	POST /deposits/coinbase-account
exchange-api/rest-api/transfers/deposit-from-payment-method	POST  /deposits/payment-method
exchange-api/rest-api/transfers/get-all-payment-methods	GET /payment-methods
exchange-api/rest-api/transfers/get-all-transfers	GET /transfers
exchange-api/rest-api/transfers/get-fee-estimate	GET /withdrawals/fee-estimate
exchange-api/rest-api/transfers/get-single-transfer	GET /transfers/{transfer_id}
exchange-api/rest-api/transfers/submit-travel-info	POST /transfers/{transfer_id}/travel-rules
exchange-api/rest-api/transfers/withdraw-to-coinbase-account	POST /withdrawals/coinbase-account
exchange-api/rest-api/transfers/withdraw-to-counterparty	post /withdrawals/counterparty
exchange-api/rest-api/transfers/withdraw-to-crypto-address	POST /withdrawals/crypto
exchange-api/rest-api/transfers/withdraw-to-payment-method	POST /withdrawals/payment-method
exchange-api/rest-api/travel-rules/create-travel-rule	POST /travel-rules
exchange-api/rest-api/travel-rules/delete-existing-travel-rule	DELETE /travel-rules/{id}
exchange-api/rest-api/travel-rules/get-all-travel-rule	GET /travel-rules
exchange-api/rest-api/users/get-user-exchange-limits	GET /users/{user_id}/exchange-limits
exchange-api/rest-api/users/get-user-trading-volume	GET /users/{user_id}/trading-volumes
exchange-api/rest-api/users/update-settlement-preference	POST /users/{user_id}/settlement-preferences
exchange-api/rest-api/wrapped-assets/create-new-redeem	POST /wrapped-assets/redeem
exchange-api/rest-api/wrapped-assets/create-new-stake-wrap	POST /wrapped-assets/stake-wrap
exchange-api/rest-api/wrapped-assets/get-a-single-stake-wrap	GET /wrapped-assets/stake-wrap/{stake_wrap_id}
exchange-api/rest-api/wrapped-assets/get-all-redeems	GET  /wrapped-assets/redeem
exchange-api/rest-api/wrapped-assets/get-all-stake-wraps	GET /wrapped-assets/stake-wrap
exchange-api/rest-api/wrapped-assets/get-all-wrapped-assets	GET /wrapped-assets
exchange-api/rest-api/wrapped-assets/get-single-redeem	GET /wrapped-assets/redeem/{redeem_id}
exchange-api/rest-api/wrapped-assets/get-wrapped-asset-conversion-rate	GET /wrapped-assets/{wrapped_asset_id}/conversion-rate
exchange-api/rest-api/wrapped-assets/get-wrapped-asset-details	GET /wrapped-assets/{wrapped_asset_id}
international-exchange-api/rest-api/address-book/get-address-book	GET /api/v1/address-book
international-exchange-api/rest-api/assets/get-asset-details	GET /api/v1/assets/{asset}
international-exchange-api/rest-api/assets/get-supported-networks	GET /api/v1/assets/{asset}/networks
international-exchange-api/rest-api/assets/list-assets	GET /api/v1/assets
international-exchange-api/rest-api/fee-rates/list-fee-rate-tiers	GET /api/v1/fee-rate-tiers
international-exchange-api/rest-api/index/get-index-candles	GET /api/v1/index/{index}/candles
international-exchange-api/rest-api/index/get-index-composition	GET  /api/v1/index/{index}/composition
international-exchange-api/rest-api/index/get-index-composition-history	GET  /api/v1/index/{index}/composition-history
international-exchange-api/rest-api/index/get-index-price	GET /api/v1/index/{index}/price
international-exchange-api/rest-api/instruments/get-aggegated-candles	GET /api/v1/instruments/{instrument}/candles
international-exchange-api/rest-api/instruments/get-daily-trading-volume	GET /api/v1/instruments/volumes/daily
international-exchange-api/rest-api/instruments/get-historical-funding-rate	GET /api/v1/instruments/{instrument}/funding
international-exchange-api/rest-api/instruments/get-instrument-details	GET /api/v1/instruments/{instrument}
international-exchange-api/rest-api/instruments/get-quote-per-instrument	GET /api/v1/instruments/{instrument}/quote
international-exchange-api/rest-api/instruments/list-instruments	GET  /api/v1/instruments
international-exchange-api/rest-api/orders/cancel-order	DELETE /api/v1/orders/{id}
international-exchange-api/rest-api/orders/cancel-orders	DELETE /api/v1/orders
international-exchange-api/rest-api/orders/create-order	POST /api/v1/orders
international-exchange-api/rest-api/orders/get-order-details	GET /api/v1/orders/{id}
international-exchange-api/rest-api/orders/list-open-orders	GET /api/v1/orders
international-exchange-api/rest-api/orders/modify-open-order	PUT /api/v1/orders/{id}
international-exchange-api/rest-api/portfolios/acquire-and-repay-loan	POST /api/v1/portfolios/{portfolio}/loans/{asset}
international-exchange-api/rest-api/portfolios/create-portfolio	POST /api/v1/portfolios
international-exchange-api/rest-api/portfolios/enable-and-disable-cross	POST  /api/v1/portfolios/{portfolio}/cross-collateral-enabled
international-exchange-api/rest-api/portfolios/enable-and-disable-portfolio	POST /api/v1/portfolios/{portfolio}/auto-margin-enabled
international-exchange-api/rest-api/portfolios/get-balance-for-assests	GET /api/v1/portfolios/{portfolio}/balances/{asset}
international-exchange-api/rest-api/portfolios/get-fund-transfer-limit	GET /api/v1/portfolios/transfer/{portfolio}/{asset}/transfer-limit
international-exchange-api/rest-api/portfolios/get-loan-info-for-portfolio	GET /api/v1/portfolios/{portfolio}/loans/{asset}
international-exchange-api/rest-api/portfolios/get-portfolio-details	GET  /api/v1/portfolios/{portfolio}/detail
international-exchange-api/rest-api/portfolios/get-portfolio-margin-call	GET /api/v1/portfolios/{portfolio}/margin-call-status
international-exchange-api/rest-api/portfolios/get-portfolio-summary	GET /api/v1/portfolios/{portfolio}/summary
international-exchange-api/rest-api/portfolios/get-position-portfolio	GET /api/v1/portfolios/{portfolio}/positions/{instrument}
international-exchange-api/rest-api/portfolios/get-the-open-position-limits	GET /api/v1/portfolios/{portfolio}/position-limits/positions/{instrument}
international-exchange-api/rest-api/portfolios/get-the-total-open-position-limits	GET /api/v1/portfolios/{portfolio}/position-limits
international-exchange-api/rest-api/portfolios/get-user-portfolio	GET /api/v1/portfolios/{portfolio}
international-exchange-api/rest-api/portfolios/list-active-loans-for-the-portfolio	GET /api/v1/portfolios/{portfolio}/loans
international-exchange-api/rest-api/portfolios/list-all-user-portfolios	GET /api/v1/portfolios
international-exchange-api/rest-api/portfolios/list-fills-portfolio	GET /api/v1/portfolios/fills
international-exchange-api/rest-api/portfolios/list-open-position-limit	GET /api/v1/portfolios/{portfolio}/position-limits/positions
international-exchange-api/rest-api/portfolios/list-portfolio-balances	GET /api/v1/portfolios/{portfolio}/balances
international-exchange-api/rest-api/portfolios/list-portfolio-fee-rates	GET /api/v1/portfolios/fee-rates
international-exchange-api/rest-api/portfolios/list-portfolio-fills	GET /api/v1/portfolios/{portfolio}/fills
international-exchange-api/rest-api/portfolios/list-portfolio-positions	GET /api/v1/portfolios/{portfolio}/positions
international-exchange-api/rest-api/portfolios/patch-portfolio	PATCH /api/v1/portfolios/{portfolio}
international-exchange-api/rest-api/portfolios/preview-loan-update	POST /api/v1/portfolios/{portfolio}/loans/{asset}/preview
international-exchange-api/rest-api/portfolios/set-profile-margin	POST /api/v1/portfolios/margin
international-exchange-api/rest-api/portfolios/transfer-funds	POST /api/v1/portfolios/transfer
international-exchange-api/rest-api/portfolios/transfer-positions	POST /api/v1/portfolios/transfer-position
international-exchange-api/rest-api/portfolios/update-portfolio	PUT /api/v1/portfolios/{portfolio}
international-exchange-api/rest-api/portfolios/view-max-loan	GET /api/v1/portfolios/{portfolio}/loans/{asset}/availability
international-exchange-api/rest-api/position-offsets/list-position-offsets	GET /api/v1/position-offsets
international-exchange-api/rest-api/rankings/get-your-rankings	GET /api/v1/rankings/statistics
international-exchange-api/rest-api/transfers/create-counterparty-id	POST /api/v1/transfers/create-counterparty-id
international-exchange-api/rest-api/transfers/create-crypto-address	POST /api/v1/transfers/address
international-exchange-api/rest-api/transfers/get-counterparty-withdrawal-limit	GET /api/v1/transfers/withdraw/{portfolio}/{asset}/counterparty-withdrawal-limit
international-exchange-api/rest-api/transfers/get-transfer	GET /api/v1/transfers/{transfer_uuid}
international-exchange-api/rest-api/transfers/list-matching-transfers	GET /api/v1/transfers
international-exchange-api/rest-api/transfers/validate-counterparty-id	POST /api/v1/transfers/validate-counterparty-id
international-exchange-api/rest-api/transfers/withdraw-to-counterparty-id	POST /api/v1/transfers/withdraw/counterparty
international-exchange-api/rest-api/transfers/withdraw-to-crypto-address	POST /api/v1/transfers/withdraw
prime-api/rest-api/activities/get-activity-by-activity-id	GET /v1/activities/{activity_id}
prime-api/rest-api/activities/get-portfolio-activity-by-activity-id	GET /v1/portfolios/{portfolio_id}/activities/{activity_id}
prime-api/rest-api/activities/list-activities	GET /v1/portfolios/{portfolio_id}/activities
prime-api/rest-api/activities/list-entity-activities	GET /v1/entities/{entity_id}/activities
prime-api/rest-api/address-book/create-address-book-entry	POST /v1/portfolios/{portfolio_id}/address_book
prime-api/rest-api/address-book/get-address-book	GET /v1/portfolios/{portfolio_id}/address_book
prime-api/rest-api/advanced-transfer/cancel-advanced-transfer	post /v1/portfolios/{portfolio_id}/advanced_transfers/{advanced_transfer_id}/cancel
prime-api/rest-api/advanced-transfer/create-advanced-transfer	post /v1/portfolios/{portfolio_id}/advanced_transfers
prime-api/rest-api/advanced-transfer/get-portfolio-counterparty-id	get /v1/portfolios/{portfolio_id}/counterparty
prime-api/rest-api/advanced-transfer/list-advanced-transfers	get /v1/portfolios/{portfolio_id}/advanced_transfers
prime-api/rest-api/allocations/create-portfolio-allocations	POST /v1/allocations
prime-api/rest-api/allocations/create-portfolio-net-allocations	POST /v1/allocations/net
prime-api/rest-api/allocations/get-allocation-by-id	GET /v1/portfolios/{portfolio_id}/allocations/{allocation_id}
prime-api/rest-api/allocations/get-net-allocations-by-netting-id	GET /v1/portfolios/{portfolio_id}/allocations/net/{netting_id}
prime-api/rest-api/allocations/get-portfolio-allocations	GET  /v1/portfolios/{portfolio_id}/allocations
prime-api/rest-api/allocations/list-portfolio-allocations	get /v1/portfolios/{portfolio_id}/allocations
prime-api/rest-api/api-key-management/rotate-api-key	POST /v1/api-keys/rotate
prime-api/rest-api/assets/list-assets	GET /v1/entities/{entity_id}/assets
prime-api/rest-api/balances/get-wallet-balance	GET /v1/portfolios/{portfolio_id}/wallets/{wallet_id}/balance
prime-api/rest-api/balances/list-entity-balances	GET  /v1/entities/{entity_id}/balances
prime-api/rest-api/balances/list-onchain-wallet-balances	GET  /v1/portfolios/{portfolio_id}/wallets/{wallet_id}/web3_balances
prime-api/rest-api/balances/list-portfolio-balances	GET /v1/portfolios/{portfolio_id}/balances
prime-api/rest-api/commission/get-portfolio-commission	GET /v1/portfolios/{portfolio_id}/commission
prime-api/rest-api/financing/create-new-locates	POST /v1/portfolios/{portfolio_id}/locates
prime-api/rest-api/financing/get-conversion-fees	get /v1/conversion/fees
prime-api/rest-api/financing/get-conversion-fees-beta	get /v1/entities/{entity_id}/conversion/fees
prime-api/rest-api/financing/get-cross-margin-liquidation	get /v1/entities/{entity_id}/cross_margin/liquidation
prime-api/rest-api/financing/get-cross-margin-overview	get /v1/entities/{entity_id}/cross_margin
prime-api/rest-api/financing/get-cross-margin-risk-parameters	get /v1/entities/{entity_id}/cross_margin/risk_parameters
prime-api/rest-api/financing/get-cross-margin-risk-parameters-beta	get /v1/entities/{entity_id}/cross_margin/risk_parameters
prime-api/rest-api/financing/get-entity-locate-availabilities	GET /v1/entities/{entity_id}/locates_availability
prime-api/rest-api/financing/get-exchange-cross-margin-overview	get /v1/entities/{entity_id}/cross_margin
prime-api/rest-api/financing/get-margin-information	GET /v1/entities/{entity_id}/margin
prime-api/rest-api/financing/get-market-data	get /v1/entities/{entity_id}/market_data
prime-api/rest-api/financing/get-market-data-beta	get /v1/entities/{entity_id}/market_data
prime-api/rest-api/financing/get-portfolio-buying-power	GET /v1/portfolios/{portfolio_id}/buying_power
prime-api/rest-api/financing/get-portfolio-credit-information	GET  /v1/portfolios/{portfolio_id}/credit
prime-api/rest-api/financing/get-portfolio-withdrawal-power	GET /v1/portfolios/{portfolio_id}/withdrawal_power
prime-api/rest-api/financing/get-prime-cross-margin-overview	get /v2/entities/{entity_id}/cross_margin/prime
prime-api/rest-api/financing/get-prime-cross-margin-overview-beta	get /v2/entities/{entity_id}/cross_margin/prime
prime-api/rest-api/financing/get-trade-finance-tiered-pricing-fees	GET /v1/entities/{entity_id}/tf_tiered_fees
prime-api/rest-api/financing/list-cross-margin-liquidations	get /v1/entities/{entity_id}/cross_margin/liquidations
prime-api/rest-api/financing/list-existing-locates	GET /v1/portfolios/{portfolio_id}/locates
prime-api/rest-api/financing/list-financing-eligible-assets	get /v1/financing/eligible-assets
prime-api/rest-api/financing/list-interest-accruals	GET /v1/entities/{entity_id}/accruals
prime-api/rest-api/financing/list-interest-accruals-for-portfolio	GET /v1/portfolios/{portfolio_id}/accruals
prime-api/rest-api/financing/list-margin-call-summaries	GET /v1/entities/{entity_id}/margin_summaries
prime-api/rest-api/financing/list-margin-conversions	GET /v1/portfolios/{portfolio_id}/margin_conversions
prime-api/rest-api/financing/list-trade-finance-obligations	get /v1/entities/{entity_id}/tf_obligations
prime-api/rest-api/financing/update-funding-settings	post /v1/entities/{entity_id}/funding_settings
prime-api/rest-api/financing/update-funding-settings-beta	post /v1/entities/{entity_id}/funding-settings
prime-api/rest-api/futures/cancel-entity-futures-sweep	delete /v1/entities/{entity_id}/futures/sweeps
prime-api/rest-api/futures/create-entity-futures-sweep	DELETE /v1/entities/{entity_id}/futures/sweeps
prime-api/rest-api/futures/get-entity-fcm-balance	GET /v1/entities/{entity_id}/futures/balance_summary
prime-api/rest-api/futures/get-entity-positions	GET /v1/entities/{entity_id}/futures/positions
prime-api/rest-api/futures/get-fcm-equity	get /v1/entities/{entity_id}/futures/equity
prime-api/rest-api/futures/get-fcm-margin-call-details	GET /v1/entities/{entity_id}/futures/margin_call_details
prime-api/rest-api/futures/get-fcm-risk-limits	GET /v1/entities/{entity_id}/futures/risk_limits
prime-api/rest-api/futures/get-fcm-settings	get /v1/entities/{entity_id}/futures/settings
prime-api/rest-api/futures/get-portfolio-derivatives-currency-summary	get /v1/portfolios/{portfolio_id}/derivatives/currency_summary
prime-api/rest-api/futures/list-entity-futures-sweeps	GET /v1/entities/{entity_id}/futures/sweeps
prime-api/rest-api/futures/list-portfolio-derivative-positions	get /v1/portfolios/{portfolio_id}/derivatives/positions
prime-api/rest-api/futures/schedule-entity-futures-sweep	POST  /v1/entities/{entity_id}/futures/sweeps
prime-api/rest-api/futures/set-auto-sweep	POST  /v1/entities/{entity_id}/futures/auto_sweep
prime-api/rest-api/futures/set-fcm-settings	post /v1/entities/{entity_id}/futures/settings
prime-api/rest-api/invoice/list-invoices	GET /v1/entities/{entity_id}/invoices
prime-api/rest-api/onchain-address-book/create-onchain-address-book-entry	POST /v1/portfolios/{portfolio_id}/onchain_address_group
prime-api/rest-api/onchain-address-book/delete-onchain-address-group	DELETE /v1/portfolios/{portfolio_id}/onchain_address_group/{address_group_id}
prime-api/rest-api/onchain-address-book/list-onchain-address-groups	GET /v1/portfolios/{portfolio_id}/onchain_address_groups
prime-api/rest-api/onchain-address-book/update-onchain-address-book-entry	PUT /v1/portfolios/{portfolio_id}/onchain_address_group
prime-api/rest-api/orders/accept-quote	POST /v1/portfolios/{portfolio_id}/accept_quote
prime-api/rest-api/orders/cancel-order	POST /v1/portfolios/{portfolio_id}/orders/{order_id}/cancel
prime-api/rest-api/orders/create-order	POST  /v1/portfolios/{portfolio_id}/order
prime-api/rest-api/orders/create-quote-request	POST /v1/portfolios/{portfolio_id}/rfq
prime-api/rest-api/orders/edit-order	POST  /v1/portfolios/{portfolio_id}/orders/{order_id}/edit
prime-api/rest-api/orders/edit-order-beta	PUT  /v1/portfolios/{portfolio_id}/orders/{order_id}/edit
prime-api/rest-api/orders/get-order-by-order-id	GET /v1/portfolios/{portfolio_id}/orders/{order_id}
prime-api/rest-api/orders/get-order-preview	POST /v1/portfolios/{portfolio_id}/order_preview
prime-api/rest-api/orders/list-open-orders	GET /v1/portfolios/{portfolio_id}/open_orders
prime-api/rest-api/orders/list-order-edit-history	GET  /v1/portfolios/{portfolio_id}/orders/{order_id}/edit_history
prime-api/rest-api/orders/list-order-fills	GET /v1/portfolios/{portfolio_id}/orders/{order_id}/fills
prime-api/rest-api/orders/list-portfolio-fills	GET /v1/portfolios/{portfolio_id}/fills
prime-api/rest-api/orders/list-portfolio-orders	GET  /v1/portfolios/{portfolio_id}/orders
prime-api/rest-api/payment-methods/get-entity-payment-method	GET /v1/entities/{entity_id}/payment-methods/{payment_method_id}
prime-api/rest-api/payment-methods/list-entity-payment-methods	GET /v1/entities/{entity_id}/payment-methods
prime-api/rest-api/portfolios/get-portfolio-by-portfolio-id	GET /v1/portfolios/{portfolio_id}
prime-api/rest-api/portfolios/get-portfolio-counterparty-id	GET /v1/portfolios/{portfolio_id}/counterparty
prime-api/rest-api/portfolios/list-portfolios	GET /v1/portfolios
prime-api/rest-api/positions/list-aggregate-entity-positions	GET /v1/entities/{entity_id}/aggregate_positions
prime-api/rest-api/positions/list-entity-positions	GET /v1/entities/{entity_id}/positions
prime-api/rest-api/products/get-public-product-candles	get /v1/portfolios/{portfolio_id}/candles
prime-api/rest-api/products/list-portfolio-products	GET /v1/portfolios/{portfolio_id}/products
prime-api/rest-api/staking/claim-wallet-staking-rewards-alpha	post /v1/portfolios/{portfolio_id}/wallets/{wallet_id}/staking/claim_rewards
prime-api/rest-api/staking/get-staking-status	get /v1/portfolios/{portfolio_id}/wallets/{wallet_id}/staking/status
prime-api/rest-api/staking/get-unstaking-status	get /v1/portfolios/{portfolio_id}/wallets/{wallet_id}/staking/unstake/status
prime-api/rest-api/staking/list-transaction-validators	post /v1/portfolios/{portfolio_id}/staking/transaction-validators/query
prime-api/rest-api/staking/preview-unstake	post /v1/portfolios/{portfolio_id}/wallets/{wallet_id}/staking/unstake/preview
prime-api/rest-api/staking/request-stake-or-delegate	POST /v1/portfolios/{portfolio_id}/wallets/{wallet_id}/staking/initiate
prime-api/rest-api/staking/request-to-claim-rewards-for-a-staked-wallet	post /v1/portfolios/{portfolio_id}/wallets/{wallet_id}/staking/claim_rewards
prime-api/rest-api/staking/request-to-stake-currency-in-a-portfolio	post /v1/portfolios/{portfolio_id}/staking/initiate
prime-api/rest-api/staking/request-to-stake-currency-portfolio	POST /v1/portfolios/{portfolio_id}/staking/initiate
prime-api/rest-api/staking/request-to-stake-or-delegate-a-wallet	post /v1/portfolios/{portfolio_id}/wallets/{wallet_id}/staking/initiate
prime-api/rest-api/staking/request-to-unstake-a-wallet	POST /v1/portfolios/{portfolio_id}/wallets/{wallet_id}/staking/unstake
prime-api/rest-api/staking/request-to-unstake-currency-across-a-portfolio	post /v1/portfolios/{portfolio_id}/staking/unstake
prime-api/rest-api/staking/request-to-unstake-currency-portfolio	POST /v1/portfolios/{portfolio_id}/staking/unstake
prime-api/rest-api/transactions/create-conversion	POST /v1/portfolios/{portfolio_id}/wallets/{wallet_id}/conversion
prime-api/rest-api/transactions/create-onchain-transaction	POST  /v1/portfolios/{portfolio_id}/wallets/{wallet_id}/onchain_transaction
prime-api/rest-api/transactions/create-transfer	POST /v1/portfolios/{portfolio_id}/wallets/{wallet_id}/transfers
prime-api/rest-api/transactions/create-withdrawal	POST /v1/portfolios/{portfolio_id}/wallets/{wallet_id}/withdrawals
prime-api/rest-api/transactions/get-transaction-by-transaction-id	GET /v1/portfolios/{portfolio_id}/transactions/{transaction_id}
prime-api/rest-api/transactions/list-portfolio-transactions	GET /v1/portfolios/{portfolio_id}/transactions
prime-api/rest-api/transactions/list-transactions-associated-with-an-advanced-transfer	get /v1/portfolios/{portfolio_id}/advanced_transfers/{advanced_transfer_id}/transactions
prime-api/rest-api/transactions/list-wallet-transactions	GET /v1/portfolios/{portfolio_id}/wallets/{wallet_id}/transactions
prime-api/rest-api/travel-rule/get-transaction-travel-rule-data	get /v1/portfolios/{portfolio_id}/transactions/{transaction_id}/travel_rule
prime-api/rest-api/travel-rule/submit-deposit-travel-rule-data	post /v1/portfolios/{portfolio_id}/transactions/{transaction_id}/travel_rule/deposit
prime-api/rest-api/users/list-portfolio-users	GET /v1/portfolios/{portfolio_id}/users
prime-api/rest-api/users/list-users	GET /v1/entities/{entity_id}/users
prime-api/rest-api/wallets/create-wallet	POST  /v1/portfolios/{portfolio_id}/wallets
prime-api/rest-api/wallets/create-wallet-deposit-address	POST /v1/portfolios/{portfolio_id}/wallets/{wallet_id}/addresses
prime-api/rest-api/wallets/get-wallet-by-wallet-id	GET /v1/portfolios/{portfolio_id}/wallets/{wallet_id}
prime-api/rest-api/wallets/get-wallet-deposit-instructions	GET /v1/portfolios/{portfolio_id}/wallets/{wallet_id}/deposit_instructions
prime-api/rest-api/wallets/list-portfolio-wallets	GET /v1/portfolios/{portfolio_id}/wallets
prime-api/rest-api/wallets/list-wallet-addresses	GET /v1/portfolios/{portfolio_id}/wallets/{wallet_id}/addresses
rest-api/addresses/get-address-balance-history-for-asset	GET /v1/networks/{network_id}/addresses/{address_id}/balance_history/{asset_id}
rest-api/addresses/get-address-transaction-history	GET /v1/networks/{network_id}/addresses/{address_id}/transactions
rest-api/addresses/list-address-balances	GET /v1/networks/{network_id}/addresses/{address_id}/balances
rest-api/onramp-offramp/create-buy-quote	POST /v1/buy/quote
rest-api/onramp-offramp/create-sell-quote	POST /v1/sell/quote
rest-api/onramp-offramp/create-session-token	POST /v1/token
rest-api/onramp-offramp/get-all-offramp-transactions	GET /v1/sell/transactions
rest-api/onramp-offramp/get-all-onramp-transactions	GET /v1/buy/transactions
rest-api/onramp-offramp/get-buy-config	GET /v1/buy/config
rest-api/onramp-offramp/get-buy-options	GET /v1/buy/options
rest-api/onramp-offramp/get-offramp-transactions-by-id	GET /v1/sell/user/{partnerUserRef}/transactions
rest-api/onramp-offramp/get-onramp-transactions-by-id	GET /v1/buy/user/{partnerUserRef}/transactions
rest-api/onramp-offramp/get-sell-config	GET /v1/sell/config
rest-api/onramp-offramp/get-sell-options	GET /v1/sell/options
rest-api/smart-contracts/list-smart-contract-events	GET  /v1/networks/{network_id}/smart_contracts/{contract_address}/events
rest-api/smart-contracts/list-smart-contracts	GET /v1/smart_contracts
rest-api/smart-contracts/register-a-smart-contract	POST /v1/networks/{network_id}/smart_contracts/{contract_address}/register
rest-api/smart-contracts/update-a-smart-contract	PUT /v1/networks/{network_id}/smart_contracts/{contract_address}
rest-api/staking/build-a-new-staking-operation	POST /v1/stake/build
rest-api/staking/fetch-historical-staking-balances	GET /v1/networks/{network_id}/addresses/{address_id}/stake/balances
rest-api/staking/fetch-staking-rewards	POST /v1/stake/rewards/search
rest-api/staking/get-latest-staking-operation	GET /v1/networks/{network_id}/addresses/{address_id}/staking_operations/{staking_operation_id}
rest-api/staking/get-staking-context	POST /v1/stake/context
rest-api/staking/get-validator-by-id	GET /v1/networks/{network_id}/assets/{asset_id}/validators/{validator_id}
rest-api/staking/list-validators	GET /v1/networks/{network_id}/assets/{asset_id}/validators
v2/rest-api/accounts/create-account	post /v2/accounts
v2/rest-api/accounts/get-account	get /v2/accounts/{accountId}
v2/rest-api/accounts/get-balance-for-account	get /v2/accounts/{accountId}/balances/{asset}
v2/rest-api/accounts/list-accounts	get /v2/accounts
v2/rest-api/accounts/list-balances-for-account	get /v2/accounts/{accountId}/balances
v2/rest-api/customers/create-a-customer	post /v2/customers
v2/rest-api/customers/delete-a-customer	delete /v2/customers/{customerId}
v2/rest-api/customers/get-a-customer	get /v2/customers/{customerId}
v2/rest-api/customers/list-customers	get /v2/customers
v2/rest-api/customers/update-a-customer	post /v2/customers/{customerId}
v2/rest-api/deposit-destinations/create-deposit-destination	post /v2/deposit-destinations
v2/rest-api/deposit-destinations/get-deposit-destination	get /v2/deposit-destinations/{depositDestinationId}
v2/rest-api/deposit-destinations/list-deposit-destinations	get /v2/deposit-destinations
v2/rest-api/disbursements/create-a-disbursement	post /v2/disbursements
v2/rest-api/disbursements/get-a-disbursement	get /v2/disbursements/{disbursementId}
v2/rest-api/disbursements/list-disbursements	get /v2/disbursements
v2/rest-api/end-user-account-management/add-evm-account-to-end-user	post /v2/end-users/{userId}/evm
v2/rest-api/end-user-account-management/add-evm-smart-account-to-end-user	post /v2/end-users/{userId}/evm-smart-account
v2/rest-api/end-user-account-management/add-solana-account-to-end-user	post /v2/end-users/{userId}/solana
v2/rest-api/end-user-account-management/create-end-user	post /v2/end-users
v2/rest-api/end-user-account-management/get-end-user	get /v2/end-users/{userId}
v2/rest-api/end-user-account-management/import-end-user-private-key	post /v2/end-users/import
v2/rest-api/end-user-account-management/list-end-users	get /v2/end-users
v2/rest-api/end-user-account-management/look-up-end-users-by-identity	get /v2/end-users/lookup
v2/rest-api/end-user-account-management/validate-end-user-access-token	post /v2/end-users/auth/validate-token
v2/rest-api/end-user-accounts/create-account-scoped-delegation-for-end-user	post /v2/embedded-wallet-api/end-users/{userId}/address/{address}/delegation
v2/rest-api/end-user-accounts/create-eip-7702-delegation-for-end-user-evm-account	post /v2/embedded-wallet-api/end-users/{userId}/evm/eip7702/delegation
v2/rest-api/end-user-accounts/get-account-scoped-delegation-for-end-user	get /v2/embedded-wallet-api/end-users/{userId}/address/{address}/delegation
v2/rest-api/end-user-accounts/get-delegation-for-end-user	get /v2/embedded-wallet-api/end-users/{userId}/delegation
v2/rest-api/end-user-accounts/revoke-account-scoped-delegation-for-end-user	delete /v2/embedded-wallet-api/end-users/{userId}/address/{address}/delegation
v2/rest-api/end-user-accounts/revoke-delegation-for-end-user	delete /v2/embedded-wallet-api/end-users/{userId}/delegation
v2/rest-api/end-user-accounts/send-transaction-via-end-user-evm-account	post /v2/embedded-wallet-api/end-users/{userId}/evm/send/transaction
v2/rest-api/end-user-accounts/send-transaction-via-end-user-solana-account	post /v2/embedded-wallet-api/end-users/{userId}/solana/send/transaction
v2/rest-api/end-user-accounts/send-usdc-on-evm	post /v2/embedded-wallet-api/end-users/{userId}/evm/{address}/send/{asset}
v2/rest-api/end-user-accounts/send-usdc-on-solana	post /v2/embedded-wallet-api/end-users/{userId}/solana/{address}/send/{asset}
v2/rest-api/end-user-accounts/send-user-operation-for-end-user-smart-account	post /v2/embedded-wallet-api/end-users/{userId}/evm/smart-accounts/{address}/send
v2/rest-api/end-user-accounts/sign-base64-encoded-message	post /v2/embedded-wallet-api/end-users/{userId}/solana/sign/message
v2/rest-api/end-user-accounts/sign-eip-191-message-via-end-user-evm-account	post /v2/embedded-wallet-api/end-users/{userId}/evm/sign/message
v2/rest-api/end-user-accounts/sign-eip-712-typed-data-via-end-user-evm-account	post /v2/embedded-wallet-api/end-users/{userId}/evm/sign/typed-data
v2/rest-api/end-user-accounts/sign-transaction-via-end-user-evm-account	post /v2/embedded-wallet-api/end-users/{userId}/evm/sign/transaction
v2/rest-api/end-user-accounts/sign-transaction-via-end-user-solana-account	post /v2/embedded-wallet-api/end-users/{userId}/solana/sign/transaction
v2/rest-api/end-user-accounts/sign-x402-payment-via-end-user-solana-account	post /v2/embedded-wallet-api/end-users/{userId}/solana/sign/x402-payment
v2/rest-api/evm-accounts/create-eip-7702-delegation	post /v2/evm/accounts/{address}/eip7702/delegation
v2/rest-api/evm-accounts/create-evm-account	POST /v2/evm/accounts
v2/rest-api/evm-accounts/export-evm-account	post /v2/evm/accounts/{address}/export
v2/rest-api/evm-accounts/export-evm-account-by-name	post /v2/evm/accounts/export/by-name/{name}
v2/rest-api/evm-accounts/get-eip-7702-delegation-operation-by-id	get /v2/evm/eip7702/delegation-operations/{delegationOperationId}
v2/rest-api/evm-accounts/get-evm-account-by-address	GET /v2/evm/accounts/{address}
v2/rest-api/evm-accounts/get-evm-account-by-name	GET  /v2/evm/accounts/by-name/{name}
v2/rest-api/evm-accounts/import-evm-account	post /v2/evm/accounts/import
v2/rest-api/evm-accounts/list-evm-accounts	get /v2/evm/accounts
v2/rest-api/evm-accounts/send-transaction	post /v2/evm/accounts/{address}/send/transaction
v2/rest-api/evm-accounts/sign-eip-191-message	post /v2/evm/accounts/{address}/sign/message
v2/rest-api/evm-accounts/sign-eip-712-typed-data	post /v2/evm/accounts/{address}/sign/typed-data
v2/rest-api/evm-accounts/sign-hash	post /v2/evm/accounts/{address}/sign
v2/rest-api/evm-accounts/sign-transaction	post /v2/evm/accounts/{address}/sign/transaction
v2/rest-api/evm-accounts/update-evm-account	PUT /v2/evm/accounts/{address}
v2/rest-api/evm-smart-accounts/create-smart-account	post /v2/evm/smart-accounts
v2/rest-api/evm-smart-accounts/create-spend-permission	post /v2/evm/smart-accounts/{address}/spend-permissions
v2/rest-api/evm-smart-accounts/get-smart-account-by-address	get /v2/evm/smart-accounts/{address}
v2/rest-api/evm-smart-accounts/get-smart-account-by-name	get /v2/evm/smart-accounts/by-name/{name}
v2/rest-api/evm-smart-accounts/get-user-operation	get /v2/evm/smart-accounts/{address}/user-operations/{userOpHash}
v2/rest-api/evm-smart-accounts/list-smart-accounts	get /v2/evm/smart-accounts
v2/rest-api/evm-smart-accounts/list-spend-permissions	get /v2/evm/smart-accounts/{address}/spend-permissions/list
v2/rest-api/evm-smart-accounts/prepare-and-send-user-operation	post /v2/evm/smart-accounts/{address}/user-operations/prepare-and-send
v2/rest-api/evm-smart-accounts/prepare-user-operation	post /v2/evm/smart-accounts/{address}/user-operations
v2/rest-api/evm-smart-accounts/revoke-spend-permission	post /v2/evm/smart-accounts/{address}/spend-permissions/revoke
v2/rest-api/evm-smart-accounts/send-user-operation	post /v2/evm/smart-accounts/{address}/user-operations/{userOpHash}/send
v2/rest-api/evm-smart-accounts/update-evm-smart-account	put /v2/evm/smart-accounts/{address}
v2/rest-api/evm-swaps/create-swap-quote	POST /v2/evm/swaps
v2/rest-api/evm-swaps/get-swap-price-estimate	get /v2/evm/swaps/quote
v2/rest-api/evm-token-balances/list-evm-token-balances	get /v2/evm/token-balances/{network}/{address}
v2/rest-api/faucets/request-funds-on-evm-test-networks	post /v2/evm/faucet
v2/rest-api/faucets/request-funds-on-solana-devnet	post /v2/solana/faucet
v2/rest-api/onchain-data/list-evm-token-balances	get /v2/data/evm/token-balances/{network}/{address}
v2/rest-api/onchain-data/list-token-addresses-for-account	get /v2/data/evm/token-ownership/{network}/{address}
v2/rest-api/onramp/create-an-onramp-order	post /v2/onramp/orders
v2/rest-api/onramp/create-an-onramp-session	post /v2/onramp/sessions
v2/rest-api/onramp/get-an-onramp-order-by-id	get /v2/onramp/orders/{orderId}
v2/rest-api/onramp/get-onramp-user-limits	post /v2/onramp/limits
v2/rest-api/onramp/initiate-onramp-verification	post /v2/onramp/verifications
v2/rest-api/onramp/request-limit-upgrade	post /v2/onramp/limits/upgrade
v2/rest-api/onramp/submit-onramp-verification	post /v2/onramp/verifications/{verificationId}/submit
v2/rest-api/payment-methods/get-payment-method	get /v2/payment-methods/{paymentMethodId}
v2/rest-api/payment-methods/list-payment-methods	get /v2/payment-methods
v2/rest-api/payment-sessions/authorize-a-payment-session-with-a-coinbase-account	post /v2/payment-sessions/{paymentSessionId}/authorizations/coinbase
v2/rest-api/payment-sessions/authorize-a-payment-session-with-a-wallet	post /v2/payment-sessions/{paymentSessionId}/authorizations/wallet
v2/rest-api/payment-sessions/authorize-a-payment-session-with-x402	post /v2/payment-sessions/{paymentSessionId}/authorizations/x402
v2/rest-api/payment-sessions/cancel-a-payment-session	post /v2/payment-sessions/{paymentSessionId}/cancel
v2/rest-api/payment-sessions/capture-a-payment-session	post /v2/payment-sessions/{paymentSessionId}/captures
v2/rest-api/payment-sessions/create-a-payment-session	post /v2/payment-sessions
v2/rest-api/payment-sessions/get-a-payment-session	get /v2/payment-sessions/{paymentSessionId}
v2/rest-api/payment-sessions/get-a-payment-session-authorization	get /v2/payment-sessions/{paymentSessionId}/authorizations/{authorizationId}
v2/rest-api/payment-sessions/get-a-payment-session-capture	get /v2/payment-sessions/{paymentSessionId}/captures/{captureId}
v2/rest-api/payment-sessions/get-a-payment-session-refund	get /v2/payment-sessions/{paymentSessionId}/refunds/{refundId}
v2/rest-api/payment-sessions/get-a-payment-session-void	get /v2/payment-sessions/{paymentSessionId}/voids/{voidId}
v2/rest-api/payment-sessions/get-wallet-authorization-options	get /v2/payment-sessions/{paymentSessionId}/authorizations/wallet/options
v2/rest-api/payment-sessions/list-coinbase-account-balances	get /v2/coinbase-accounts/balances
v2/rest-api/payment-sessions/list-payment-session-authorizations	get /v2/payment-sessions/{paymentSessionId}/authorizations
v2/rest-api/payment-sessions/list-payment-session-captures	get /v2/payment-sessions/{paymentSessionId}/captures
v2/rest-api/payment-sessions/list-payment-session-refunds	get /v2/payment-sessions/{paymentSessionId}/refunds
v2/rest-api/payment-sessions/list-payment-session-voids	get /v2/payment-sessions/{paymentSessionId}/voids
v2/rest-api/payment-sessions/list-payment-sessions	get /v2/payment-sessions
v2/rest-api/payment-sessions/refund-a-payment-session	post /v2/payment-sessions/{paymentSessionId}/refunds
v2/rest-api/payment-sessions/void-a-payment-session	post /v2/payment-sessions/{paymentSessionId}/voids
v2/rest-api/policy-engine/create-policy	POST /v2/policy-engine/policies
v2/rest-api/policy-engine/delete-policy	DELETE /v2/policy-engine/policies/{policyId}
v2/rest-api/policy-engine/get-policy-by-id	GET /v2/policy-engine/policies/{policyId}
v2/rest-api/policy-engine/list-policies	get /v2/policy-engine/policies
v2/rest-api/policy-engine/update-policy	PUT /v2/policy-engine/policies/{policyId}
v2/rest-api/solana-accounts/create-solana-account	POST /v2/solana/accounts
v2/rest-api/solana-accounts/export-solana-account	post /v2/solana/accounts/{address}/export
v2/rest-api/solana-accounts/export-solana-account-by-name	post /v2/solana/accounts/export/by-name/{name}
v2/rest-api/solana-accounts/get-solana-account-by-address	GET /v2/solana/accounts/{address}
v2/rest-api/solana-accounts/get-solana-account-by-name	GET /v2/solana/accounts/by-name/{name}
v2/rest-api/solana-accounts/import-solana-account	post /v2/solana/accounts/import
v2/rest-api/solana-accounts/list-solana-accounts	get /v2/solana/accounts
v2/rest-api/solana-accounts/send-solana-transaction	post /v2/solana/accounts/send/transaction
v2/rest-api/solana-accounts/sign-message	post /v2/solana/accounts/{address}/sign/message
v2/rest-api/solana-accounts/sign-transaction	post /v2/solana/accounts/{address}/sign/transaction
v2/rest-api/solana-accounts/update-solana-account	PUT /v2/solana/accounts/{address}
v2/rest-api/solana-token-balances/list-solana-token-balances	get /v2/solana/token-balances/{network}/{address}
v2/rest-api/sql-api/get-schema-details	get /v2/data/query/schema
v2/rest-api/sql-api/get-sql-grammar	get /v2/data/query/grammar
v2/rest-api/sql-api/run-sql-query	post /v2/data/query/run
v2/rest-api/transfers/create-transfer	post /v2/transfers
v2/rest-api/transfers/execute-transfer	post /v2/transfers/{transferId}/execute
v2/rest-api/transfers/get-transfer	get /v2/transfers/{transferId}
v2/rest-api/transfers/list-transfers	get /v2/transfers
v2/rest-api/transfers/submit-deposit-travel-rule-information	post /v2/transfers/{transferId}/travel-rule
v2/rest-api/webhooks/create-webhook-subscription	post /v2/data/webhooks/subscriptions
v2/rest-api/webhooks/delete-webhook-subscription	delete /v2/data/webhooks/subscriptions/{subscriptionId}
v2/rest-api/webhooks/get-webhook-subscription	get /v2/data/webhooks/subscriptions/{subscriptionId}
v2/rest-api/webhooks/list-webhook-subscription-events	get /v2/data/webhooks/subscriptions/{subscriptionId}/events
v2/rest-api/webhooks/list-webhook-subscriptions	get /v2/data/webhooks/subscriptions
v2/rest-api/webhooks/update-webhook-subscription	put /v2/data/webhooks/subscriptions/{subscriptionId}
v2/rest-api/x402-facilitator/get-an-x402-bundle	get /v2/x402/discovery/bundles/{bundleSlug}
v2/rest-api/x402-facilitator/get-supported-payment-schemes-and-networks	get /v2/x402/supported
v2/rest-api/x402-facilitator/handle-mcp-json-rpc-request	post /v2/x402/discovery/mcp
v2/rest-api/x402-facilitator/list-merchant-discovery-info	get /v2/x402/discovery/merchant
v2/rest-api/x402-facilitator/list-x402-bundles	get /v2/x402/discovery/bundles
v2/rest-api/x402-facilitator/list-x402-resources	get /v2/x402/discovery/resources
v2/rest-api/x402-facilitator/search-x402-resources	get /v2/x402/discovery/search
v2/rest-api/x402-facilitator/settle-payment	post /v2/x402/settle
v2/rest-api/x402-facilitator/validate-x402-endpoint	post /v2/x402/validate
v2/rest-api/x402-facilitator/verify-payment	post /v2/x402/verify
v2/webhooks/webhook-acceptance-disbursement-failed	webhook acceptanceDisbursementFailed
v2/webhooks/webhook-acceptance-disbursement-pending	webhook acceptanceDisbursementPending
v2/webhooks/webhook-acceptance-disbursement-succeeded	webhook acceptanceDisbursementSucceeded
v2/webhooks/webhook-acceptance-payment-session-authorization-failed	webhook acceptancePaymentSessionAuthorizationFailed
v2/webhooks/webhook-acceptance-payment-session-authorization-pending	webhook acceptancePaymentSessionAuthorizationPending
v2/webhooks/webhook-acceptance-payment-session-authorization-succeeded	webhook acceptancePaymentSessionAuthorizationSucceeded
v2/webhooks/webhook-acceptance-payment-session-canceled	webhook acceptancePaymentSessionCanceled
v2/webhooks/webhook-acceptance-payment-session-capture-failed	webhook acceptancePaymentSessionCaptureFailed
v2/webhooks/webhook-acceptance-payment-session-capture-pending	webhook acceptancePaymentSessionCapturePending
v2/webhooks/webhook-acceptance-payment-session-capture-succeeded	webhook acceptancePaymentSessionCaptureSucceeded
v2/webhooks/webhook-acceptance-payment-session-created	webhook acceptancePaymentSessionCreated
v2/webhooks/webhook-acceptance-payment-session-refund-failed	webhook acceptancePaymentSessionRefundFailed
v2/webhooks/webhook-acceptance-payment-session-refund-pending	webhook acceptancePaymentSessionRefundPending
v2/webhooks/webhook-acceptance-payment-session-refund-succeeded	webhook acceptancePaymentSessionRefundSucceeded
v2/webhooks/webhook-acceptance-payment-session-void-failed	webhook acceptancePaymentSessionVoidFailed
v2/webhooks/webhook-acceptance-payment-session-void-pending	webhook acceptancePaymentSessionVoidPending
v2/webhooks/webhook-acceptance-payment-session-void-succeeded	webhook acceptancePaymentSessionVoidSucceeded
v2/webhooks/webhook-customers-capability-changed	webhook customersCapabilityChanged
v2/webhooks/webhook-customers-customer-deleted	webhook customersCustomerDeleted
v2/webhooks/webhook-offramp-transaction-created	webhook offrampTransactionCreated
v2/webhooks/webhook-offramp-transaction-failed	webhook offrampTransactionFailed
v2/webhooks/webhook-offramp-transaction-success	webhook offrampTransactionSuccess
v2/webhooks/webhook-offramp-transaction-updated	webhook offrampTransactionUpdated
v2/webhooks/webhook-onchain-activity-detected	webhook onchainActivityDetected
v2/webhooks/webhook-onramp-transaction-created	webhook onrampTransactionCreated
v2/webhooks/webhook-onramp-transaction-failed	webhook onrampTransactionFailed
v2/webhooks/webhook-onramp-transaction-success	webhook onrampTransactionSuccess
v2/webhooks/webhook-onramp-transaction-updated	webhook onrampTransactionUpdated
v2/webhooks/webhook-payments-transfers-completed	webhook paymentsTransfersCompleted
v2/webhooks/webhook-payments-transfers-expired	webhook paymentsTransfersExpired
v2/webhooks/webhook-payments-transfers-failed	webhook paymentsTransfersFailed
v2/webhooks/webhook-payments-transfers-processing	webhook paymentsTransfersProcessing
v2/webhooks/webhook-payments-transfers-quoted	webhook paymentsTransfersQuoted
v2/webhooks/webhook-payments-transfers-travel-rule-completed	webhook paymentsTransfersTravelRuleCompleted
v2/webhooks/webhook-payments-transfers-travel-rule-incomplete	webhook paymentsTransfersTravelRuleIncomplete
v2/webhooks/webhook-wallet-activity-detected	webhook walletActivityDetected
v2/webhooks/webhook-wallet-activity-multi	webhook walletActivityMulti
v2/webhooks/webhook-wallet-delegation-created	webhook walletDelegationCreated
v2/webhooks/webhook-wallet-delegation-revoked	webhook walletDelegationRevoked
v2/webhooks/webhook-wallet-hash-signed	webhook walletHashSigned
v2/webhooks/webhook-wallet-message-signed	webhook walletMessageSigned
v2/webhooks/webhook-wallet-transaction-broadcast	webhook walletTransactionBroadcast
v2/webhooks/webhook-wallet-transaction-confirmed	webhook walletTransactionConfirmed
v2/webhooks/webhook-wallet-transaction-created	webhook walletTransactionCreated
v2/webhooks/webhook-wallet-transaction-failed	webhook walletTransactionFailed
v2/webhooks/webhook-wallet-transaction-pending	webhook walletTransactionPending
v2/webhooks/webhook-wallet-transaction-replaced	webhook walletTransactionReplaced
v2/webhooks/webhook-wallet-transaction-signed	webhook walletTransactionSigned
v2/webhooks/webhook-wallet-typed-data-signed	webhook walletTypedDataSigned
derivatives-api/cde-spec.json	GET /rest/block-trade
derivatives-api/cde-spec.json	POST /rest/block-trade
derivatives-api/cde-spec.json	GET /rest/block-trade-account-permissions
derivatives-api/cde-spec.json	GET /rest/block-trade-account-permissions/{uuid}
derivatives-api/cde-spec.json	GET /rest/block-trade-accounts
derivatives-api/cde-spec.json	GET /rest/block-trade-accounts/{uuid}
derivatives-api/cde-spec.json	GET /rest/block-trade-entities
derivatives-api/cde-spec.json	GET /rest/block-trade-entities/{uuid}
derivatives-api/cde-spec.json	GET /rest/block-trade-position-limits
derivatives-api/cde-spec.json	GET /rest/block-trade-position-limits/{uuid}
derivatives-api/cde-spec.json	GET /rest/block-trade/booking/bookable-accounts
derivatives-api/cde-spec.json	GET /rest/block-trade/booking/bookable-entities
derivatives-api/cde-spec.json	GET /rest/block-trade/booking/bookable-traders
derivatives-api/cde-spec.json	POST /rest/block-trade/new
derivatives-api/cde-spec.json	GET /rest/block-traders
derivatives-api/cde-spec.json	GET /rest/block-traders/{uuid}
derivatives-api/cde-spec.json	GET /rest/firm-block-trade-entities/{firm_uuid}
derivatives-api/cde-spec.json	GET /rest/firm-position-limits
derivatives-api/cde-spec.json	GET /rest/firm-position-limits/{firm_uuid}
derivatives-api/cde-spec.json	POST /rest/firm-position-limits/{firm_uuid}
derivatives-api/cde-spec.json	POST /rest/firm-product-group-limit
derivatives-api/cde-spec.json	POST /rest/firm-product-group-limit/remove
derivatives-api/cde-spec.json	GET /rest/firm-product-group-limit/{firm_uuid}
derivatives-api/cde-spec.json	POST /rest/firm-product-limit
derivatives-api/cde-spec.json	POST /rest/firm-product-limit/remove
derivatives-api/cde-spec.json	GET /rest/firm-product-limit/{firm_uuid}
derivatives-api/cde-spec.json	GET /rest/firms
derivatives-api/cde-spec.json	GET /rest/firms/{uuid}
derivatives-api/cde-spec.json	GET /rest/funding-rate
derivatives-api/cde-spec.json	POST /rest/instruments
derivatives-api/cde-spec.json	POST /rest/kill-switch
derivatives-api/cde-spec.json	GET /rest/positions
derivatives-api/cde-spec.json	GET /rest/positions/{firm_uuid}
derivatives-api/cde-spec.json	POST /rest/unlock-trading
derivatives-api/cde-spec.json	GET /rest/users
derivatives-api/cde-spec.json	GET /rest/users/{uuid}
derivatives-api/cde-spec.json	GET /rest/v2/firm-position-limits
derivatives-api/cde-spec.json	GET /rest/v2/firm-position-limits/{firm_uuid}
derivatives-api/cde-spec.json	POST /rest/v2/firm-position-limits/{firm_uuid}
derivatives-api/cde-spec.json	POST /rest/v2/firm-product-group-limit
derivatives-api/cde-spec.json	POST /rest/v2/firm-product-group-limit/remove
derivatives-api/cde-spec.json	GET /rest/v2/firm-product-group-limit/{firm_uuid}
derivatives-api/cde-spec.json	POST /rest/v2/firm-product-limit
derivatives-api/cde-spec.json	POST /rest/v2/firm-product-limit/batch
derivatives-api/cde-spec.json	POST /rest/v2/firm-product-limit/remove
derivatives-api/cde-spec.json	GET /rest/v2/firm-product-limit/{firm_uuid}
derivatives-api/cde-spec.json	GET /rest/v2/positions
derivatives-api/cde-spec.json	GET /rest/v2/positions/{firm_uuid}
derivatives-api/cde-spec.json	POST /rest/valid-series
deribit/adv-starbase-openapi.json	GET /private/accept_block_rfq
deribit/adv-starbase-openapi.json	GET /private/add_block_rfq_quote
deribit/adv-starbase-openapi.json	GET /private/approve_block_trade
deribit/adv-starbase-openapi.json	GET /private/buy
deribit/adv-starbase-openapi.json	GET /private/cancel
deribit/adv-starbase-openapi.json	GET /private/cancel_all
deribit/adv-starbase-openapi.json	GET /private/cancel_all_block_rfq_quotes
deribit/adv-starbase-openapi.json	GET /private/cancel_all_by_currency
deribit/adv-starbase-openapi.json	GET /private/cancel_all_by_currency_pair
deribit/adv-starbase-openapi.json	GET /private/cancel_all_by_instrument
deribit/adv-starbase-openapi.json	GET /private/cancel_all_by_kind_or_type
deribit/adv-starbase-openapi.json	GET /private/cancel_block_rfq
deribit/adv-starbase-openapi.json	GET /private/cancel_block_rfq_quote
deribit/adv-starbase-openapi.json	GET /private/cancel_block_rfq_trigger
deribit/adv-starbase-openapi.json	GET /private/cancel_by_label
deribit/adv-starbase-openapi.json	GET /private/change_margin_model
deribit/adv-starbase-openapi.json	GET /private/close_position
deribit/adv-starbase-openapi.json	GET /private/create_block_rfq
deribit/adv-starbase-openapi.json	GET /private/create_combo
deribit/adv-starbase-openapi.json	GET /private/disable_cancel_on_disconnect
deribit/adv-starbase-openapi.json	GET /private/edit
deribit/adv-starbase-openapi.json	GET /private/edit_block_rfq_quote
deribit/adv-starbase-openapi.json	GET /private/edit_by_label
deribit/adv-starbase-openapi.json	GET /private/enable_cancel_on_disconnect
deribit/adv-starbase-openapi.json	GET /private/execute_block_trade
deribit/adv-starbase-openapi.json	GET /private/get_access_log
deribit/adv-starbase-openapi.json	GET /private/get_account_summaries
deribit/adv-starbase-openapi.json	GET /private/get_account_summary
deribit/adv-starbase-openapi.json	GET /private/get_block_rfq_makers
deribit/adv-starbase-openapi.json	GET /private/get_block_rfq_quotes
deribit/adv-starbase-openapi.json	GET /private/get_block_rfq_user_info
deribit/adv-starbase-openapi.json	GET /private/get_block_rfqs
deribit/adv-starbase-openapi.json	GET /private/get_block_trade
deribit/adv-starbase-openapi.json	GET /private/get_block_trade_requests
deribit/adv-starbase-openapi.json	GET /private/get_block_trades
deribit/adv-starbase-openapi.json	GET /private/get_broker_trade_requests
deribit/adv-starbase-openapi.json	GET /private/get_broker_trades
deribit/adv-starbase-openapi.json	GET /private/get_cancel_on_disconnect
deribit/adv-starbase-openapi.json	GET /private/get_leg_prices
deribit/adv-starbase-openapi.json	GET /private/get_margins
deribit/adv-starbase-openapi.json	GET /private/get_open_orders
deribit/adv-starbase-openapi.json	GET /private/get_open_orders_by_currency
deribit/adv-starbase-openapi.json	GET /private/get_open_orders_by_instrument
deribit/adv-starbase-openapi.json	GET /private/get_open_orders_by_label
deribit/adv-starbase-openapi.json	GET /private/get_order_history_by_currency
deribit/adv-starbase-openapi.json	GET /private/get_order_history_by_instrument
deribit/adv-starbase-openapi.json	GET /private/get_order_margin_by_ids
deribit/adv-starbase-openapi.json	GET /private/get_order_state
deribit/adv-starbase-openapi.json	GET /private/get_order_state_by_label
deribit/adv-starbase-openapi.json	GET /private/get_position
deribit/adv-starbase-openapi.json	GET /private/get_positions
deribit/adv-starbase-openapi.json	GET /private/get_settlement_history_by_currency
deribit/adv-starbase-openapi.json	GET /private/get_settlement_history_by_instrument
deribit/adv-starbase-openapi.json	GET /private/get_transaction_log
deribit/adv-starbase-openapi.json	GET /private/get_trigger_order_history
deribit/adv-starbase-openapi.json	GET /private/get_user_trades_by_currency
deribit/adv-starbase-openapi.json	GET /private/get_user_trades_by_currency_and_time
deribit/adv-starbase-openapi.json	GET /private/get_user_trades_by_instrument
deribit/adv-starbase-openapi.json	GET /private/get_user_trades_by_instrument_and_time
deribit/adv-starbase-openapi.json	GET /private/get_user_trades_by_order
deribit/adv-starbase-openapi.json	GET /private/invalidate_block_trade_signature
deribit/adv-starbase-openapi.json	GET /private/logout
deribit/adv-starbase-openapi.json	GET /private/pme/simulate
deribit/adv-starbase-openapi.json	GET /private/reject_block_trade
deribit/adv-starbase-openapi.json	GET /private/sell
deribit/adv-starbase-openapi.json	GET /private/simulate_block_trade
deribit/adv-starbase-openapi.json	GET /private/simulate_portfolio
deribit/adv-starbase-openapi.json	GET /private/subscribe
deribit/adv-starbase-openapi.json	GET /private/unsubscribe
deribit/adv-starbase-openapi.json	GET /private/unsubscribe_all
deribit/adv-starbase-openapi.json	GET /private/verify_block_trade
deribit/adv-starbase-openapi.json	POST /public/auth
deribit/adv-starbase-openapi.json	GET /public/disable_heartbeat
deribit/adv-starbase-openapi.json	GET /public/get_announcements
deribit/adv-starbase-openapi.json	GET /public/get_block_rfq_trades
deribit/adv-starbase-openapi.json	GET /public/get_book_summary_by_currency
deribit/adv-starbase-openapi.json	GET /public/get_book_summary_by_instrument
deribit/adv-starbase-openapi.json	GET /public/get_combo_details
deribit/adv-starbase-openapi.json	GET /public/get_combo_ids
deribit/adv-starbase-openapi.json	GET /public/get_combos
deribit/adv-starbase-openapi.json	GET /public/get_contract_size
deribit/adv-starbase-openapi.json	GET /public/get_currencies
deribit/adv-starbase-openapi.json	GET /public/get_delivery_prices
deribit/adv-starbase-openapi.json	GET /public/get_expirations
deribit/adv-starbase-openapi.json	GET /public/get_funding_chart_data
deribit/adv-starbase-openapi.json	GET /public/get_funding_rate_history
deribit/adv-starbase-openapi.json	GET /public/get_funding_rate_value
deribit/adv-starbase-openapi.json	GET /public/get_historical_volatility
deribit/adv-starbase-openapi.json	GET /public/get_index_chart_data
deribit/adv-starbase-openapi.json	GET /public/get_index_price
deribit/adv-starbase-openapi.json	GET /public/get_index_price_names
deribit/adv-starbase-openapi.json	GET /public/get_instrument
deribit/adv-starbase-openapi.json	GET /public/get_instruments
deribit/adv-starbase-openapi.json	GET /public/get_last_settlements_by_currency
deribit/adv-starbase-openapi.json	GET /public/get_last_settlements_by_instrument
deribit/adv-starbase-openapi.json	GET /public/get_last_trades_by_currency
deribit/adv-starbase-openapi.json	GET /public/get_last_trades_by_currency_and_time
deribit/adv-starbase-openapi.json	GET /public/get_last_trades_by_instrument
deribit/adv-starbase-openapi.json	GET /public/get_last_trades_by_instrument_and_time
deribit/adv-starbase-openapi.json	GET /public/get_mark_price_history
deribit/adv-starbase-openapi.json	GET /public/get_order_book
deribit/adv-starbase-openapi.json	GET /public/get_order_book_by_instrument_id
deribit/adv-starbase-openapi.json	GET /public/get_supported_index_names
deribit/adv-starbase-openapi.json	GET /public/get_time
deribit/adv-starbase-openapi.json	GET /public/get_trade_volumes
deribit/adv-starbase-openapi.json	GET /public/get_tradingview_chart_data
deribit/adv-starbase-openapi.json	GET /public/get_volatility_index_data
deribit/adv-starbase-openapi.json	GET /public/hello
deribit/adv-starbase-openapi.json	GET /public/set_heartbeat
deribit/adv-starbase-openapi.json	GET /public/status
deribit/adv-starbase-openapi.json	GET /public/subscribe
deribit/adv-starbase-openapi.json	GET /public/test
deribit/adv-starbase-openapi.json	GET /public/ticker
deribit/adv-starbase-openapi.json	GET /public/unsubscribe
deribit/adv-starbase-openapi.json	GET /public/unsubscribe_all
